id,name,gender,birth_dt
1,Joseph Harjo,male,2001-07-28
51,Carol Fellman,female,1995-09-13
2,Stacy Asato,male,1990-01-01
52,Loida Manning,female,1994-09-06
3,Rafael Berardino,male,1992-05-09
53,Mary Bryson,female,2003-06-07
4,Prince Crane,male,1988-11-03
54,Thelma Otis,female,1994-06-13
5,Frederick Wallace,male,1991-07-06
55,Billie Breen,female,1991-08-21
6,Donald Kamal,male,1986-11-25
56,Rebecca Ibara,female,1984-09-12
7,Gerald Mosher,male,2006-01-09
57,Mary Welch,female,1999-01-25
8,Charles Bruno,male,2000-07-13
58,Stacy Dieppa,female,1985-12-06
9,Phillip Lyons,male,1988-07-19
59,Lillian Meadows,female,2005-11-03
10,David Delvalle,male,2005-03-05
60,Lacey Albright,female,1994-01-28
11,Fred Scott,male,1988-02-10
61,Marion Thomas,female,2003-08-01
12,Kenneth Silkwood,male,1984-03-22
62,Maria Eversole,female,1985-12-08
13,Rene Otey,male,2000-07-15
63,Jennifer Dickens,female,1984-09-26
14,James Hawkins,male,1999-06-10
64,Joan Swoope,female,1998-02-24
15,Jose Moczo,male,1989-02-27
65,Yolanda Inman,female,1991-06-07
16,Brian Ramos,male,1993-08-10
66,Adela Morgan,female,2004-04-16
17,John Bland,male,1983-12-23
67,Esther Hagge,female,2003-02-16
18,Kenneth Mott,male,1987-11-01
68,Jennifer Jarrard,female,1991-08-02
19,James West,male,2005-06-17
69,Jill York,female,1997-07-31
20,Andrew Ott,male,1990-12-12
70,Martha Boos,female,2005-11-23
21,Michael Augustine,male,1998-12-06
71,Angela Satterwhite,female,1999-06-03
22,Gary Marquez,male,1995-02-28
72,Elizabeth Ledford,female,1992-09-04
23,William Hubbard,male,2002-05-11
73,Lesia Sevier,female,2002-06-02
24,Bobby Smith,male,1983-06-10
74,Charlotte Merrill,female,1986-05-08
25,Justin Shelton,male,1990-10-16
75,Barbara Cruz,female,2007-05-17
26,George Lopez,male,1992-12-05
76,Alyssa Simons,female,2004-11-16
27,Robert Vansumeren,male,1989-06-14
77,Kirsten Colarusso,female,1996-11-06
28,James Riehle,male,1997-01-02
78,Lena Alaniz,female,1988-02-23
29,Chris Johnson,male,1993-04-06
79,Susan Daly,female,2001-02-03
30,Marvin Meyer,male,2000-09-22
80,Suzanne Coleman,female,2004-10-04
31,Leon Lipinski,male,1999-10-28
81,Cathi Koopman,female,1987-05-09
32,Darrell Edgin,male,2007-04-21
82,Geraldine Ivory,female,1997-07-25
33,Robert Baugh,male,2004-02-10
83,Jennifer Crozier,female,2001-11-13
34,Wade Harrel,male,1990-12-07
84,Monica Lints,female,1997-03-04
35,Samuel Aggas,male,1990-02-12
85,Ginger Silva,female,1986-07-29
36,Andrew Kunkel,male,1984-06-15
86,April Marcus,female,2005-09-05
37,William Stagg,male,2003-06-10
87,Lucy Hvizdos,female,1997-12-24
38,Arthur Burns,male,2003-02-21
88,Suzanne Stedman,female,1994-02-09
39,Michael Barren,male,1995-01-24
89,Margaret Wright,female,2000-04-26
40,Kenneth Townsend,male,2000-07-22
90,Bettye Justice,female,1994-08-30
41,Lyle Brown,male,2007-04-18
91,Esther Johnston,female,2001-06-09
42,Andrew Lynch,male,2003-04-21
92,Marion Cambria,female,1986-03-19
43,Tommy Holliday,male,2004-06-11
93,Terry Swaine,female,1992-05-04
44,Jamie Girard,male,1983-10-08
94,Marlene Fisher,female,2000-11-11
45,Stephen Walker,male,1993-04-12
95,Sherri Clark,female,1989-01-21
46,Frank Boyles,male,1986-05-24
96,Sharon Considine,female,1987-06-21
47,Leonard Schappert,male,1987-08-10
97,Karen Martin,female,1999-02-05
48,Michael Ballinger,male,1989-03-27
98,Barbara Vincent,female,1990-10-10
49,Kevin Sibley,male,2003-06-28
99,Marianne Velasco,female,1986-04-30
50,Jason Hatcher,male,2004-07-10
100,Caroline Davenport,female,2005-12-27
